{
  "timestamp": "2025-11-27T17:14:40.443393",
  "target_position": 27,
  "data_source": "rpc_validation_20000_validated_data",
  "samples_count": 14697,
  "features_count": 112,
  "results": {
    "decision_tree": {
      "model": "DecisionTree",
      "test_accuracy": 32.074829931972786,
      "cv_mean": 32.959049424465256,
      "cv_std": 0.692301095290138,
      "top_features": [
        78,
        63,
        26,
        34,
        76,
        46,
        50,
        106,
        17,
        30
      ],
      "feature_importance": [
        0.0056465689585963545,
        0.008114125104021817,
        0.008338080264087597,
        0.006355974094036747,
        0.008809621715769652,
        0.007620083286242894,
        0.007859865155582681,
        0.008421983651926998,
        0.007445173994168644,
        0.009586256758729346,
        0.00985306655475904,
        0.011389726007578394,
        0.010859560377523208,
        0.010688468464828873,
        0.01002537502329568,
        0.011260207224414832,
        0.012146501930986974,
        0.01451235298595009,
        0.009993480986120332,
        0.010619289869543691,
        0.010110201214653431,
        0.008577726740312345,
        0.01223459898162195,
        0.009449106922721141,
        0.010272419936893212,
        0.009127409344474759,
        0.016658668671439517,
        0.011175950791109735,
        0.010855521355808043,
        0.0035833761165627843,
        0.014470469741997397,
        0.008950244756203488,
        0.008416292120498192,
        0.012558014960666233,
        0.01566694598917807,
        0.012642012751723926,
        0.013954569425118232,
        0.013575440665762323,
        0.012105524682240068,
        0.011552751342648462,
        0.006724894424861703,
        0.011266510583406662,
        0.010969421865798124,
        0.014319948163014176,
        0.00914850392374356,
        0.009937562086147633,
        0.015240139626947742,
        0.01103396197111132,
        0.008802596141025888,
        0.008800757125341256,
        0.014980840511508798,
        0.009348363622766651,
        0.009251226636341932,
        0.007281086311077819,
        0.00572169190255502,
        0.005425440722967833,
        0.0048677975794352586,
        0.0,
        0.0,
        0.0,
        0.0,
        0.0,
        0.01169580709614568,
        0.017037092855498943,
        0.005092881538629287,
        0.0021273258233746113,
        0.007619473153318473,
        0.0049380066499656455,
        0.004618664539406875,
        0.003026266920428583,
        0.00048206552163361494,
        0.008710085986267602,
        0.0028550711380530445,
        0.004670200865955196,
        0.004408356658735493,
        0.01220280611476156,
        0.01536270636547911,
        0.005454570645847571,
        0.021021211403145956,
        0.0094185943077363,
        0.0011024143930004012,
        0.0013666862786234847,
        0.0026915281812203177,
        0.008878437252498567,
        0.0032587908281513076,
        0.0029515471422420876,
        0.007983388731348271,
        0.005895454268766643,
        0.0073584084411377655,
        0.014467201566423863,
        0.006954700046975079,
        0.012507616978471456,
        0.010574490791178991,
        0.012605929712107791,
        0.011579128053254227,
        0.01246583615643929,
        0.009120189718624515,
        0.011406119188106583,
        0.007372846071663703,
        0.009813680754484378,
        0.012922993922189504,
        0.014306635577025592,
        0.010300947337266119,
        0.0061046993974049795,
        0.007099191479660726,
        0.009918717162650498,
        0.01457894896195378,
        0.00936620328275154,
        0.009404976029198991,
        0.009207552282478361,
        0.00909137076668529,
        0.007998429543783768
      ]
    },
    "random_forest": {
      "model": "RandomForest",
      "test_accuracy": 42.68707482993197,
      "cv_mean": 41.85886726245449,
      "cv_std": 0.16897765135553874,
      "top_features": [
        78,
        63,
        62,
        75,
        106,
        111,
        90,
        100,
        91,
        88
      ],
      "feature_importance": [
        0.008629078329606384,
        0.008966156959679658,
        0.008827528952874931,
        0.008836135309814176,
        0.008479057902339097,
        0.008998797225050094,
        0.009158121393133996,
        0.010439233156876122,
        0.010224547664523267,
        0.010312622936482774,
        0.010840945482579469,
        0.010385417785553337,
        0.01055036158217213,
        0.009836907368651464,
        0.010416607283504306,
        0.009943809653500254,
        0.01039823986041113,
        0.010784924068062085,
        0.010088732520677601,
        0.010270070906261846,
        0.010208710433017607,
        0.010594397235987454,
        0.010127876823519287,
        0.010342523299402509,
        0.010675117322445454,
        0.010301928311412798,
        0.010891822614567625,
        0.01007021648309142,
        0.010026054912517674,
        0.008702690597377221,
        0.010553307376077386,
        0.010272868080451532,
        0.008864353344614898,
        0.010325154266179552,
        0.01079133855566503,
        0.010562094760156713,
        0.0109634634810696,
        0.010483138712473344,
        0.010734489139886389,
        0.010318031292690287,
        0.010245921503411306,
        0.009947367833049187,
        0.009994575679116,
        0.009944538894432683,
        0.010418202739081672,
        0.010191778370325002,
        0.01010447524452702,
        0.010523188953481059,
        0.010465427972196899,
        0.010322913465509143,
        0.010713914200792382,
        0.01049052294356514,
        0.010187091058631444,
        0.008650209128120985,
        0.009365014433264107,
        0.01011473653955388,
        0.006347037564127238,
        0.0,
        0.0,
        0.0,
        0.0,
        0.0,
        0.01219670746179643,
        0.013426065439572216,
        0.0037354823766467737,
        0.0014038047590222492,
        0.007550514852749551,
        0.007785157391354998,
        0.0050135952481863465,
        0.005030064140364835,
        0.0010112090709419926,
        0.009130386284418656,
        0.0029089988433604872,
        0.0031999721538571173,
        0.005371380623210093,
        0.012107810802778481,
        0.010227498058433992,
        0.00453666849586014,
        0.014852039888894138,
        0.009755052102843819,
        0.0029502728753246104,
        0.0028815847900681853,
        0.0055705215590695625,
        0.009772943975003051,
        0.0024116659176305986,
        0.002529680221012022,
        0.005313331869003195,
        0.010637548294736267,
        0.011003219818186853,
        0.01043469632506558,
        0.011030479222235769,
        0.011011040223297675,
        0.010854767503999385,
        0.010698245193804192,
        0.01065439726743977,
        0.010748298255404925,
        0.010629791611280318,
        0.010735548903090752,
        0.010365498768968784,
        0.010414504516804025,
        0.011030141983788946,
        0.01080516547106215,
        0.010603892757625473,
        0.01021753581873875,
        0.01083512185341527,
        0.010770190045489817,
        0.011808431016596243,
        0.010643882233540512,
        0.010790493507740827,
        0.01089224966939779,
        0.010406023202185626,
        0.011082637427157758
      ]
    },
    "gradient_boosting": {
      "model": "GradientBoosting",
      "test_accuracy": 39.48979591836735,
      "cv_mean": 43.42382799210723,
      "cv_std": 0.6920819821705883,
      "top_features": [
        54,
        78,
        40,
        76,
        13,
        55,
        75,
        63,
        77,
        64
      ],